[
    {
        "leadCreationTitle": "लीड क्रिएशन",
        "businessDivision": "बिज़नेस डिवीज़न",
        "productCategory": "प्रोडक्ट  केटेगरी",
        "childLoan": "चाइल्ड  लोन",
        "scheme_Promotion": "स्किम/प्रोमोसन",
        "subventionApplied": "सब्वेंसन अप्लाइड",
        "subvention": "सब्वेंसन",
        "sourcingChannel": "सोर्सिंग चैनेल",
        "sourcingType": "सोर्सिंग टाइप",
        "sourcingCode": "सोर्सिंग कोड",
        "spokeCodeLocation": "स्पोक कोड लोकेसन",
        "loanAccountBranch": "लोन एकाउंट ब्रांच",
        "leadHandledBy": "लीड हैंडलड बाइ",
        "entity": "एंटिटि",
        "firstName": "प्रथम नाम",
        "middleName": "मध्य नाम",
        "lastName": "अंतिम नाम",
        "companyName1": " कंपनी का नाम 1",
        "companyName2": " कंपनी का नाम 2",
        "companyName3": " कंपनी का नाम 3",
        "mobile": "मोबाइल",
        "dateofBirth": "जन्म तिथि",
        "dateofIncorporation": "निगमन की तारीख",
        "cancel": "कैंसल",
        "createLead": "क्रियेट लीड",
        "leadDedupetitle": "रिसल्ट्स फोर लीड डीडूप",
        "select": "सलेक्ट",
        "applicationId": "अप्प्लिकेंट आइडि",
        "loanCreatedBy": " लोन क्रियेटेड बाइ",
        "product": "प्रोडक्ट",
        "loanAmount": "लोन अमाउंट",
        "stage": "स्टेज",
        "status": "स्टेटस",
        "reasonForRejection": "खारिज करने का कारण",
        "applicantName": "आवेदक का नाम",
        "modelTitle": "ल.ओ.स - लिड क्रियेसन",
        "message": "क्या आप वाकई एक नई लीड बनाना चाहते हैं?",
        "proceed": "प्रोसीड",
        "reject": "रिजेक्ट",
        "submit": "सब्मिट",
        "ok": "ओके",
        "sourceDetailsTitle": "सोर्सिंग डिटैल्स",
        "leadNumber": "लीड नम्बर",
        "leadCreatedDate": "लीड क्रियेटेड डेट",
        "leadCreatedBy": "लीड क्रियेटेड बाइ",
        "next": "नेक्स्ट",
        "productDetailsTitle": "प्रोडक्ट डिटैल्स",
        "schemePromotion": "स्किम/प्रोमोसन",
        "subventionIncentive": "सब्वेंसन + इंसेंटीव",
        "vehcileDetailsTitle": "वेहिकल डिटैल्स",
        "vechicalType": "वेहिकल टाइप",
        "vechicalRegion": "रिजन",
        "registartionNumber": "वेहिकल रजिस्ट्रेसन नम्बर",
        "assetMake": "एसेट मेक",
        "assetModel": "एसेट मोडेल",
        "assetBodyType": "एसेट बोडि टाइप",
        "assetVariant": "एसेट वैरिएंट",
        "assetSubVariant": "एसेट सब-वैरिएंट",
        "monthManufacturing": "विनिर्माण का महीना",
        "yearManufacturing": "विनिर्माण का महीना",
        "ageOfAsset": "एसेट की उम्र",
        "vechicleUsage": "वेहिकल उसेज",
        "vehicleCategory": "वेहिकल कैटेगोरि ",
        "orpFunding": "ओरपी फंडिंग",
        "oneTimeTax": "वन टाइम टैक्स",
        "pac": "पैक",
        "vas": "वैस",
        "emiProtect": "ईएमआई सुरक्षा",
        "fastTag": "फास्ट टैग",
        "others": "अन्य",
        "discount": "छूट",
        "finalAssetCost": "फाइनल एसेट कोस्ट",
        "idv": "आइडीभी",
        "insuranceValidity": "इंसूरेंस वैलिडिटी",
        "insuranceCopy": "इंसूरेंस",
        "permitType": "टाइप अ‍ॅफ परमीट ",
        "expiryDate": "परमीट एक्सपाइरि डेट",
        "permitCopy": "परमीट अपलोड",
        "permitOthers": "टाइप अ‍ॅफ अदर परमीट",
        "frsdRequired": "फ.र.स.डि फंडिंग रिक्ववार्ड",
        "frsdAmount": "फ.र.स.डि प्रिमिअम एमाउंट",
        "fitnessDate": "फिट्नेस डेट",
        "fitnessCopy": "फिट्नेस अप्लोड",
        "noVehicle": "नम्बर अ‍ॅफ वेहिकल्स",
        "back": "बैक",
        "save": "सेव",
        "addApplicantTitle": "ऐड एप्प्लिकेंट",
        "relationshipwithloanapplicant": "लोन एप्प्लिकेंट के साथ संबंध",
        "company1": " कंपनी का नाम 1",
        "company2": " कंपनी का नाम 2",
        "company3": " कंपनी का नाम 3",
        "dateOfBirth": "जन्म की तिथि",
        "dateOfIncorporation": "निगमन की तारीख",
        "identityType": "आइडेंटिटि टाइप",
        "identityNumber": "आइडेंटिटि नम्बर",
        "uploadIdentity": "अप्लोड आइडेंटिटि",
        "address1": "ऐड्ड्रेस 1",
        "address2": "ऐड्ड्रेस 2",
        "address3": "ऐड्ड्रेस 3",
        "permanentAddressPINCode": "परमानेंट ऐड्ड्रेस पीन कोड",
        "permanentAddressCity": "परमानेंट ऐड्ड्रेस सिटि",
        "permanentAddressDistrict": "परमानेंट ऐड्ड्रेस डिस्ट्रिक्ट",
        "permanentAddressState": "परमानेंट ऐड्ड्रेस स्टेट",
        "permanentAddressCountry": "परमानेंट ऐड्ड्रेस कंट्रि",
        "permanentAddressLandline": "परमानेंट ऐड्ड्रेस लैंड्लाइन",
        "line1": "लाइन 1",
        "line2": "लाइन 2",
        "line3": "लाइन 3",
        "currentAddressPINCode": "करेंट ऐड्ड्रेस पीन कोड",
        "currentAddressCity": "करेंट ऐड्ड्रेस सिटि",
        "currentAddressDistrict": "करेंट ऐड्ड्रेस डिस्ट्रिक्ट",
        "currentAddressState": "करेंट ऐड्ड्रेस स्टेट",
        "currentAddressCountry": "करेंट ऐड्ड्रेस कंट्रि",
        "landlineNumber": "लैंड्लाइन नम्बर (रेसिस्डेंस फोन)",
        "registeredAddressPinCode": "रजिस्टर्ड ऐड्ड्रेस पीन कोड",
        "registeredAddressCity": "रजिस्टर्ड ऐड्ड्रेस सिटि",
        "registeredAddressDistrict": "रजिस्टर्ड ऐड्ड्रेस डिस्ट्रिक्ट",
        "registeredAddressState": "रजिस्टर्ड ऐड्ड्रेस स्टेट",
        "registeredAddressCountry": "रजिस्टर्ड ऐड्ड्रेस कंट्रि",
        "registeredAddressLandlineNumber": "रजिस्टर्ड ऐड्ड्रेस लैंड्लाइन नम्बर (रेसिस्डेंस फोन)",
        "title": "लोन डिटैल्स",
        "requestedAmount": "रिक्वेस्टेड अमाउंट",
        "requestedTenor": "रिक्वेस्टेड टेनोर",
        "creditBureauTitle": "क्रेडिट ब्यूरो",
        "productOffered": "प्रोडक्ट ओफ्फर्ड",
        "customerSegment": "कस्टमर सेग्मेंट",
        "loanTenor": "लोन टेनोर",
        "loanAmountRange": "लोन अमाउंट रेंज",
        "ageOfCar": "ऐज अ‍ॅफ दि कार ऐट दी एंड अ‍ॅफ टेनोर (मंथ्स)",
        "loanToValue ": "लोन टू वैल्यू ",
        "insuranceCrossSell": "इंसूरेंस क्रोस् सेल",
        "loanToValueInsuranceFunded": "लोन टू वैल्यू इंसूरेंस फंडेड",
        "equitasFastTagRequired": "इकीवीटास फास्ट टैग रिकवायर्ड",
        "OnRoadPricingFunding": "औन रोड प्रिसिंग फंडिंग",
        "id": "आइडि",
        "applicant": "अप्प्लिकेंट",
        "creditBureau": "क्रेडिट ब्यूरो",
        "eligibleLoanAmount": "इलिजिब्ल लोन अमाउंट"
    }
]